rank_no,keyword,hot_score,url,crawl_time
1,枞树常绿 中朝友谊生生不息,7904582,https://www.baidu.com/s?wd=%E6%9E%9E%E6%A0%91%E5%B8%B8%E7%BB%BF+%E4%B8%AD%E6%9C%9D%E5%8F%8B%E8%B0%8A%E7%94%9F%E7%94%9F%E4%B8%8D%E6%81%AF&sa=fyb_news&rsv_dl=fyb_news,2026-06-10 16:38:14
2,上海市副市长陈宇剑被查,7808752,https://www.baidu.com/s?wd=%E4%B8%8A%E6%B5%B7%E5%B8%82%E5%89%AF%E5%B8%82%E9%95%BF%E9%99%88%E5%AE%87%E5%89%91%E8%A2%AB%E6%9F%A5&sa=fyb_news&rsv_dl=fyb_news,2026-06-10 16:38:14
3,国台办：和平统一后台湾将成繁荣之岛,7711831,https://www.baidu.com/s?wd=%E5%9B%BD%E5%8F%B0%E5%8A%9E%EF%BC%9A%E5%92%8C%E5%B9%B3%E7%BB%9F%E4%B8%80%E5%90%8E%E5%8F%B0%E6%B9%BE%E5%B0%86%E6%88%90%E7%B9%81%E8%8D%A3%E4%B9%8B%E5%B2%9B&sa=fyb_news&rsv_dl=fyb_news,2026-06-10 16:38:14
4,高校毕业生请收下这份入职攻略,7617805,https://www.baidu.com/s?wd=%E9%AB%98%E6%A0%A1%E6%AF%95%E4%B8%9A%E7%94%9F%E8%AF%B7%E6%94%B6%E4%B8%8B%E8%BF%99%E4%BB%BD%E5%85%A5%E8%81%8C%E6%94%BB%E7%95%A5&sa=fyb_news&rsv_dl=fyb_news,2026-06-10 16:38:14
5,微信朋友圈能精准搜索了,7521769,https://www.baidu.com/s?wd=%E5%BE%AE%E4%BF%A1%E6%9C%8B%E5%8F%8B%E5%9C%88%E8%83%BD%E7%B2%BE%E5%87%86%E6%90%9C%E7%B4%A2%E4%BA%86&sa=fyb_news&rsv_dl=fyb_news,2026-06-10 16:38:14
6,为啥定期存款不香了,7424282,https://www.baidu.com/s?wd=%E4%B8%BA%E5%95%A5%E5%AE%9A%E6%9C%9F%E5%AD%98%E6%AC%BE%E4%B8%8D%E9%A6%99%E4%BA%86&sa=fyb_news&rsv_dl=fyb_news,2026-06-10 16:38:14
7,考后摘镜成不少学生成人礼 医生提醒,7327673,https://www.baidu.com/s?wd=%E8%80%83%E5%90%8E%E6%91%98%E9%95%9C%E6%88%90%E4%B8%8D%E5%B0%91%E5%AD%A6%E7%94%9F%E6%88%90%E4%BA%BA%E7%A4%BC+%E5%8C%BB%E7%94%9F%E6%8F%90%E9%86%92&sa=fyb_news&rsv_dl=fyb_news,2026-06-10 16:38:14
8,世界杯倒计时1天,7231745,https://www.baidu.com/s?wd=%E4%B8%96%E7%95%8C%E6%9D%AF%E5%80%92%E8%AE%A1%E6%97%B61%E5%A4%A9&sa=fyb_news&rsv_dl=fyb_news,2026-06-10 16:38:14
9,无薪扛水泥20年残障老人：很累想回家,7138389,https://www.baidu.com/s?wd=%E6%97%A0%E8%96%AA%E6%89%9B%E6%B0%B4%E6%B3%A520%E5%B9%B4%E6%AE%8B%E9%9A%9C%E8%80%81%E4%BA%BA%EF%BC%9A%E5%BE%88%E7%B4%AF%E6%83%B3%E5%9B%9E%E5%AE%B6&sa=fyb_news&rsv_dl=fyb_news,2026-06-10 16:38:14
10,“山西首富”王广西遭监管重罚680万,7041163,https://www.baidu.com/s?wd=%E2%80%9C%E5%B1%B1%E8%A5%BF%E9%A6%96%E5%AF%8C%E2%80%9D%E7%8E%8B%E5%B9%BF%E8%A5%BF%E9%81%AD%E7%9B%91%E7%AE%A1%E9%87%8D%E7%BD%9A680%E4%B8%87&sa=fyb_news&rsv_dl=fyb_news,2026-06-10 16:38:14
