rank_no,movie_name,director,actors,rating_score,rating_count,release_year,genres,duration_minutes,country,crawl_time
1,肖申克的救赎 The Shawshank Redemption,弗兰克·德拉邦特,"蒂姆·罗宾斯,摩根·弗里曼,鲍勃·冈顿,威廉·赛德勒,克兰西·布朗,吉尔·贝罗斯,马克·罗斯顿,詹姆斯·惠特摩,杰弗里·德曼,拉里·布兰登伯格,尼尔·吉恩托利,布赖恩·利比,大卫·普罗瓦尔,约瑟夫·劳格诺,祖德·塞克利拉,保罗·麦克兰尼,芮妮·布莱恩,阿方索·弗里曼,V·J·福斯特,弗兰克·梅德拉诺,马克·迈尔斯,尼尔·萨默斯,耐德·巴拉米,布赖恩·戴拉特,唐·麦克马纳斯",9.7,3294443,1994,"剧情,犯罪",142,美国,2026-06-10 18:37:14
2,霸王别姬,陈凯歌,"张国荣,张丰毅,巩俐,葛优,英达,蒋雯丽,吴大维,吕齐,雷汉,尹治,马明威,费振翔,智一桐,李春,赵海龙,李丹,童弟,沈慧芬,黄斐,徐杰",9.6,2431015,1993,"剧情,爱情,同性",171,中国大陆 / 中国香港,2026-06-10 18:37:17
3,泰坦尼克号 Titanic,詹姆斯·卡梅隆,"莱昂纳多·迪卡普里奥,凯特·温斯莱特,比利·赞恩,凯西·贝茨,弗兰西丝·费舍,格劳瑞亚·斯图尔特,比尔·帕克斯顿,伯纳德·希尔,大卫·沃纳,维克多·加博,乔纳森·海德,苏茜·爱米斯,刘易斯·阿伯内西,尼古拉斯·卡斯柯恩,阿那托利·萨加洛维奇,丹尼·努齐,杰森·贝瑞,伊万·斯图尔特,艾恩·格拉法德,乔纳森·菲利普斯,马克·林赛·查普曼,理查德·格拉翰,保罗·布赖特威尔,艾瑞克·布里登,夏洛特·查顿,博纳德·福克斯,迈克尔·英塞恩,法妮·布雷特,马丁·贾维斯,罗莎琳·艾尔斯,罗切尔·罗斯,乔纳森·伊万斯-琼斯,西蒙·克雷恩,爱德华德·弗莱彻,斯科特·安德森,马丁·伊斯特,克雷格·凯利,格雷戈里·库克,利亚姆·图伊,詹姆斯·兰开斯特,艾尔莎·瑞雯,卢·帕尔特,泰瑞·佛瑞斯塔,凯文·德·拉·诺伊",9.5,2506256,1997,"剧情,爱情,灾难",194,美国,2026-06-10 18:37:20
4,阿甘正传 Forrest Gump,罗伯特·泽米吉斯,"汤姆·汉克斯,罗宾·怀特,加里·辛尼斯,麦凯尔泰·威廉逊,莎莉·菲尔德,海利·乔·奥斯蒙,迈克尔·康纳·亨弗里斯,哈罗德·G·赫瑟姆,山姆·安德森,伊俄涅·M·特雷奇,彼得·道博森,希芳·法隆,伊丽莎白·汉克斯,汉娜·豪尔,克里斯托弗·琼斯,罗布·兰德里,杰森·麦克奎尔,桑尼·施罗耶,艾德·戴维斯,丹尼尔C.斯瑞派克,大卫·布里斯宾,德博拉·麦克蒂尔,艾尔·哈林顿,阿非莫·奥米拉,约翰·沃德斯塔德,迈克尔·伯吉斯,埃里克·安德伍德,拜伦·明斯,斯蒂芬·布吉格沃特,约翰·威廉·高尔特,希拉里·沙普兰,伊莎贝尔·罗斯,理查德·达历山德罗,迪克·史迪威,迈克尔-杰斯,杰弗里·布莱克,瓦妮莎·罗斯,迪克·卡维特,马拉·苏查雷特扎,乔·阿拉斯奇,W·本森·泰瑞",9.5,2436853,1994,"剧情,爱情",142,美国,2026-06-10 18:37:22
5,千与千寻 千と千尋の神隠し,宫崎骏,"柊瑠美,入野自由,夏木真理,菅原文太,中村彰男,玉井夕海,神木隆之介,内藤刚志,泽口靖子,我修院达也,大泉洋,小林郁夫,上条恒彦,小野武彦",9.4,2544788,2001,"剧情,动画,奇幻",125,日本,2026-06-10 18:37:25
6,美丽人生 La vita è bella,罗伯托·贝尼尼,"罗伯托·贝尼尼,尼可莱塔·布拉斯基,乔治·坎塔里尼,朱斯蒂诺·杜拉诺,赛尔乔·比尼·布斯特里克,玛丽萨·帕雷德斯,霍斯特·布赫霍尔茨,利迪娅·阿方西,朱利亚娜·洛约迪切,亚美利哥·丰塔尼,彼得·德·席尔瓦,弗朗西斯·古佐,拉法埃拉·莱博罗尼,克劳迪奥·阿方西,吉尔·巴罗尼,马西莫·比安奇,恩尼奥·孔萨尔维,吉安卡尔洛·科森蒂诺,阿伦·克雷格,汉尼斯·赫尔曼,弗兰科·梅斯科利尼,安东尼奥·普雷斯特,吉娜·诺维勒,理查德·塞梅尔,安德烈提多娜,迪尔克·范登贝格,奥梅罗·安东努蒂",9.5,1486138,1997,"剧情,喜剧,爱情,战争",116,意大利,2026-06-10 18:37:28
7,星际穿越 Interstellar,克里斯托弗·诺兰,"马修·麦康纳,安妮·海瑟薇,杰西卡·查斯坦,麦肯吉·弗依,卡西·阿弗莱克,迈克尔·凯恩,马特·达蒙,提莫西·查拉梅,艾伦·伯斯汀,约翰·利思戈,韦斯·本特利,大卫·吉亚西,比尔·欧文,托弗·格雷斯,科莱特·沃夫,弗朗西斯·X.麦卡蒂,安德鲁·博尔巴,乔什·斯图沃特,莱雅·卡里恩斯,利亚姆·迪金森,杰夫·赫普内尔,伊莱耶斯·加贝尔,布鲁克·史密斯,大卫·奥伊罗,威廉·德瓦内,拉什·费加,格里芬·弗雷泽,弗洛拉·诺兰",9.4,2192508,2014,"剧情,科幻,冒险",169,美国 / 英国 / 加拿大,2026-06-10 18:37:31
8,这个杀手不太冷 Léon,吕克·贝松,"让·雷诺,娜塔莉·波特曼,加里·奥德曼,丹尼·爱罗,彼得·阿佩尔,迈克尔·巴达鲁科,艾伦·格里尼,伊丽莎白·瑞根,卡尔·马图斯维奇,弗兰克·赛格,麦温,乔治·马丁,罗伯特·拉萨多,亚当·布斯奇,马里奥·托迪斯科,萨米·纳塞利",9.4,2558186,1994,"剧情,动作,犯罪",133,法国 / 美国,2026-06-10 18:37:34
9,盗梦空间 Inception,克里斯托弗·诺兰,"莱昂纳多·迪卡普里奥,约瑟夫·高登-莱维特,艾利奥特·佩吉,汤姆·哈迪,渡边谦,迪利普·劳,基里安·墨菲,汤姆·贝伦杰,玛丽昂·歌迪亚,皮特·波斯尔思韦特,迈克尔·凯恩,卢卡斯·哈斯,李太力,克莱尔·吉尔蕾,马格努斯·诺兰,泰勒·吉蕾,乔纳森·吉尔,水源士郎,冈本玉二,厄尔·卡梅伦,瑞恩·海沃德,米兰达·诺兰,拉什·费加,蒂姆·科勒赫,妲露拉·莱莉",9.4,2331897,2010,"剧情,科幻,悬疑,冒险",148,美国 / 英国,2026-06-10 18:37:37
10,楚门的世界 The Truman Show,彼得·威尔,"金·凯瑞,劳拉·琳妮,艾德·哈里斯,诺亚·艾默里奇,娜塔莎·麦克艾霍恩",9.4,2026551,1998,"剧情,科幻",103,美国,2026-06-10 18:37:40
11,辛德勒的名单 Schindler's List,史蒂文·斯皮尔伯格,"连姆·尼森,本·金斯利,拉尔夫·费因斯,卡罗琳·古多尔,乔纳森·萨加尔,艾伯丝·戴维兹,马尔戈萨·格贝尔,马克·伊瓦涅,碧翠斯·马科拉,安德烈·瑟韦林,弗里德里希·冯·图恩,克齐斯茨托夫·拉夫特,诺伯特·魏塞尔,维斯瓦夫·科马萨",9.5,1250267,1993,"剧情,历史,战争",195,美国,2026-06-10 18:37:43
12,忠犬八公的故事 Hachi: A Dog's Tale,拉斯·霍尔斯道姆,"理查·基尔,莎拉·罗默尔,琼·艾伦,罗比·萨布莱特,艾瑞克·阿瓦利,田川洋行,杰森·亚历山大,罗伯特·卡普荣",9.4,1547196,2009,剧情,93,美国 / 英国,2026-06-10 18:37:46
13,海上钢琴师 La leggenda del pianista sull'oceano,朱塞佩·托纳多雷,"蒂姆·罗斯,普路特·泰勒·文斯,比尔·努恩,克兰伦斯·威廉姆斯三世,梅兰尼·蒂埃里,皮特·沃恩,尼尔·奥布赖恩,阿尔贝托·巴斯克斯,加布里埃莱·拉维亚,科里·巴克,西德尼·科尔,路易吉·德·卢卡,尼古拉·迪平托,费米·依鲁福祖,伊斯顿·盖奇,凯文·麦克纳利,布莱恩·普林格,沙拉·鲁宾,希思科特·威廉姆斯,阿妮妲·扎格利亚,安吉洛·迪洛雷塔",9.3,1884454,1998,"剧情,音乐",120,意大利,2026-06-10 18:37:49
14,疯狂动物城 Zootopia,"拜伦·霍华德,瑞奇·摩尔,杰拉德·布什","金妮弗·古德温,杰森·贝特曼,伊德瑞斯·艾尔巴,珍妮·斯蕾特,内特·托伦斯,邦妮·亨特,唐·雷克,汤米·钟,J·K·西蒙斯,奥克塔维亚·斯宾瑟,艾伦·图代克,夏奇拉,雷蒙德·S·佩尔西,德拉·萨巴,莫里斯·拉马奇,菲尔·约翰斯顿,约翰·迪·马吉欧,凯蒂·洛斯,吉塔·雷迪,杰西·科尔蒂,汤米·利斯特,乔希·达拉斯,瑞奇·摩尔,凯斯·索西,彼得·曼斯布里奇,拜伦·霍华德,杰拉德·布什,马克·史密斯,乔西·特立尼达,约翰·拉维尔,克里斯汀·贝尔,吉尔·科德斯,梅利莎·古德温",9.3,2328671,2016,"喜剧,动画,冒险",109,美国,2026-06-10 18:37:51
15,三傻大闹宝莱坞 3 Idiots,拉吉库马尔·希拉尼,"阿米尔·汗,卡琳娜·卡普尔,马达范,沙尔曼·乔希,奥米·瓦依达,博曼·伊拉尼,莫娜·辛格,拉杰夫·拉宾德拉纳特安",9.2,2084031,2009,"剧情,喜剧,爱情,歌舞",171,印度,2026-06-10 18:37:55
16,机器人总动员 WALL·E,安德鲁·斯坦顿,"本·贝尔特,艾丽莎·奈特,杰夫·格尔林,佛莱德·威拉特,西格妮·韦弗,MacInTalk,约翰·拉森贝格,凯茜·纳基麦,泰迪·牛顿,鲍伯·伯根,洛丽·理查德森,吉姆·瓦德,彼特·道格特,安德鲁·斯坦顿,杰夫·皮金,约翰·齐甘,米凯·麦高万,雪莉·琳恩,克莱特·惠特克,唐纳德·富利洛夫,罗里·艾伦,杰斯·哈梅尔,拉瑞恩·纽曼,扬·拉布森,保罗·伊丁",9.3,1498226,2008,"科幻,动画,冒险",98,美国,2026-06-10 18:37:57
17,放牛班的春天 Les choristes,克里斯托夫·巴哈蒂,"让-巴蒂斯特·莫尼耶,热拉尔·朱尼奥,弗朗索瓦·贝莱昂,凯德·麦拉德,让-保罗·博奈雷,雅克·贝汉,玛丽·布奈尔,马克桑斯·贝汉,格雷戈里·加迪诺尔,托马斯·布伦门塔尔,西里尔·伯尔尼科特,西蒙·法戈特,泰奥杜尔·卡雷-卡赛尼,菲利普·杜·詹纳兰德,埃里克·德斯玛莱茨,狄迪尔·弗拉蒙,Carole Weiss",9.3,1477906,2004,"剧情,音乐",97,法国 / 瑞士 / 德国,2026-06-10 18:38:00
18,无间道 無間道,"刘伟强,麦兆辉","刘德华,梁朝伟,黄秋生,曾志伟,陈慧琳,郑秀文,陈冠希,余文乐,萧亚轩,林家栋,吴廷烨,林迪安,尹志强,许金峰,何华超,利沙华,区轩玮,李天翔,黄燕强,姚文基,余世腾,苏伟南,黎志伟,梁皓楷,张旭燊,袁伟豪,杜汶泽",9.3,1570503,2002,"剧情,惊悚,犯罪",101,中国香港,2026-06-10 18:38:03
19,控方证人 Witness for the Prosecution,比利·怀尔德,"泰隆·鲍华,玛琳·黛德丽,查尔斯·劳顿,埃尔莎·兰彻斯特,约翰·威廉姆斯,亨利·丹尼尔,伊安·沃尔夫,托林·撒切尔,诺玛·威登,尤娜·奥康纳,弗朗西斯·康普顿,菲利普·唐格,茹塔·李,帕特里克·艾亨,唐·阿梅斯,沃尔特·培根,埃迪·贝克,本吉·班克罗夫特,约翰·巴顿,布兰登·比奇",9.6,747493,1957,"剧情,悬疑,惊悚,犯罪",116,美国,2026-06-10 18:38:05
20,寻梦环游记 Coco,"李·昂克里奇,阿德里安·莫利纳","安东尼·冈萨雷斯,盖尔·加西亚·贝纳尔,本杰明·布拉特,阿兰娜·乌巴赫,芮妮·维克托,杰米·卡米尔,阿方索·阿雷奥,赫伯特·西古恩萨,加布里埃尔·伊格莱西亚斯,隆巴多·博伊尔,安娜·奥菲丽亚·莫吉亚,娜塔丽·科尔多瓦,赛琳娜·露娜,爱德华·詹姆斯·奥莫斯,索菲亚·伊斯皮诺萨,卡拉·梅迪纳,黛娅娜·欧特里,路易斯·瓦尔德斯,布兰卡·阿拉切利,萨尔瓦多·雷耶斯,切奇·马林,奥克塔维·索利斯,约翰·拉森贝格",9.1,1998092,2017,"喜剧,动画,音乐,奇幻",105,美国,2026-06-10 18:38:08
21,大话西游之大圣娶亲 西遊記大結局之仙履奇緣,刘镇伟,"周星驰,吴孟达,朱茵,蔡少芬,蓝洁瑛,莫文蔚,罗家英,刘镇伟,陆树铭,李健仁",9.2,1714066,1995,"喜剧,爱情,奇幻,古装",95,中国香港 / 中国大陆,2026-06-10 18:38:10
22,熔炉 도가니,黄东赫,"孔刘,郑裕美,金贤秀,郑仁絮,白承焕,张矿,金民尚,林贤成,金周灵,严孝燮,全国焕,崔镇浩,金志映,严智星,许在浩,张素妍",9.3,1038692,2011,剧情,125,韩国,2026-06-10 18:38:13
23,触不可及 Intouchables,"奥利维埃·纳卡什,埃里克·托莱达诺","弗朗索瓦·克鲁塞,奥玛·希,安娜·勒尼,奥德雷·弗勒罗,约瑟芬娜·德·摩,克洛蒂尔德·莫莱特,阿尔芭·贝露琪,Cyril Mendy,萨丽马特·卡马特,Absa Diatou Toure,格雷戈瓦·奥斯特曼,多米尼克·达吉尔,弗朗索瓦·卡隆,Christian Ameri,托马·索利韦尔",9.3,1300300,2011,"剧情,喜剧",112,法国,2026-06-10 18:38:16
24,教父 The Godfather,弗朗西斯·福特·科波拉,"马龙·白兰度,阿尔·帕西诺,詹姆斯·肯恩,理查德·S·卡斯特尔诺,罗伯特·杜瓦尔,斯特林·海登,约翰·马利,理查德·康特,艾尔·勒提埃里,黛安·基顿,阿贝·维高达,塔莉娅·夏尔,吉亚尼·罗素,约翰·凯泽尔,鲁迪·邦德,兰尼·蒙大拿",9.3,1111226,1972,"剧情,犯罪",175,美国,2026-06-10 18:38:19
25,末代皇帝 The Last Emperor,贝纳尔多·贝托鲁奇,"尊龙,陈冲,邬君梅,彼得·奥图尔,英若诚,吴涛,黄自强,丹尼斯·邓,坂本龙一,马吉·汉,容荣华,田川洋行,苟杰德,理查德·吴,皱缇格,陈凯歌,卢燕,蒋锡礽,陈述,鲍皓昕,黄文捷,邵茹贞,亨利·基,张良斌,梁冬,康斯坦丁·格雷戈里,黄汉琪,王涛,宋怀桂,蔡鸿翔,程淑艳,张天民",9.3,1032611,1987,"剧情,传记,历史",163,英国 / 意大利 / 中国大陆 / 法国,2026-06-10 18:38:22
26,哈利·波特与魔法石 Harry Potter and the Sorcerer's Stone,克里斯·哥伦布,"丹尼尔·雷德克里夫,艾玛·沃森,鲁伯特·格林特,艾伦·瑞克曼,玛吉·史密斯,汤姆·费尔顿,伊恩·哈特,理查德·哈里斯,约翰·赫特,罗彼·考特拉尼,朱丽·沃特斯,邦妮·怀特,约翰·克里斯,肖恩·比格斯代夫",9.2,1428515,2001,"奇幻,冒险",152,美国 / 英国,2026-06-10 18:38:25
27,当幸福来敲门 The Pursuit of Happyness,加布里埃莱·穆奇诺,"威尔·史密斯,贾登·史密斯,坦迪·牛顿,布莱恩·豪威,詹姆斯·凯伦,丹·卡斯泰兰尼塔,柯特·富勒,塔卡尤·费舍尔,凯文·韦斯特,乔治·张,戴维·迈克尔·西尔弗曼,多米尼克·博夫,杰弗·卡伦,乔伊芙·拉文,斯科特·克拉斯",9.1,1692933,2006,"剧情,家庭,传记",117,美国,2026-06-10 18:38:27
28,龙猫 となりのトトロ,宫崎骏,"日高范子,坂本千夏,糸井重里,岛本须美,北林谷荣,高木均,雨笠利幸,丸山裕子,广濑正志,鹫尾真知子,铃木玲子,千叶繁,龙田直树,鳕子,西村朋纮,石田光子,神代知衣,中村大树,水谷优子,平松晶子,大谷育江",9.2,1415301,1988,"动画,奇幻,冒险",86,日本,2026-06-10 18:38:29
29,活着,张艺谋,"葛优,巩俐,姜武,牛犇,郭涛,张璐,倪大红,肖聪,董飞,刘天池,董立范,黄宗洛,刘燕瑾,李连义,杨同顺",9.3,974049,1994,"剧情,家庭,历史",132,中国大陆 / 中国香港,2026-06-10 18:38:32
30,怦然心动 Flipped,罗伯·莱纳,"玛德琳·卡罗尔,卡兰·麦克奥利菲,瑞贝卡·德·莫妮,安东尼·爱德华兹,约翰·马奥尼,佩内洛普·安·米勒,艾丹·奎因,凯文·韦斯曼,摩根·莉莉,瑞安·克茨纳,吉莉安·普法夫,迈克尔·博萨,博·勒纳,杰奎琳·埃沃拉,泰勒·格鲁秀斯,艾莉·布莱恩特,阿什莉·泰勒,伊瑟尔·布罗萨德,科迪·霍恩,迈克尔·博尔顿,肖恩·哈珀,斯戴芬妮·斯考特,帕特丽夏·伦茨,马修·戈尔德,阿罗拉·凯瑟琳·史密斯,凯莉·唐纳利,索菲亚·撒高,米歇尔·梅斯默,斯科特·乔尔·吉兹基,罗德·迈尔斯,卡拉 帕西托,凯特琳·帕西托",9.1,2057142,2010,"剧情,喜剧,爱情",90,美国,2026-06-10 18:38:35
31,蝙蝠侠：黑暗骑士 The Dark Knight,克里斯托弗·诺兰,"克里斯蒂安·贝尔,希斯·莱杰,艾伦·艾克哈特,迈克尔·凯恩,玛吉·吉伦哈尔,加里·奥德曼,摩根·弗里曼,莫尼克·加布里埃拉·库尔内,罗恩·迪恩,基里安·墨菲,黄经汉,内斯特·卡博内尔,埃里克·罗伯茨,里特奇·科斯特,安东尼·迈克尔·豪尔,基斯·斯扎拉巴基克,柯林·麦克法兰,约书亚·哈尔托,美琳达·麦格劳,内森·甘宝,迈克尔·维约,迈克尔·斯托扬诺夫,威廉·斯米利,丹尼·高德林,迈克尔·加·怀特,马修·奥尼尔,威廉·菲克纳,欧鲁米基·欧拉乌米,格雷格·比姆,爱利克·赫尔曼,毕崔斯·罗森,文森佐·尼克力,陈冠希",9.2,1196728,2008,"剧情,动作,科幻,惊悚,犯罪",152,美国 / 英国,2026-06-10 18:38:39
32,指环王3：王者无敌 The Lord of the Rings: The Return of the King,彼得·杰克逊,"伊利亚·伍德,西恩·奥斯汀,维果·莫腾森,奥兰多·布鲁姆,伊恩·麦克莱恩,肖恩·宾,多米尼克·莫纳汉,丽芙·泰勒,约翰·贝西,凯特·布兰切特,比利·博伊德,萨德文·布罗菲,阿利斯泰尔·布朗宁,马尔顿·索克斯,伯纳德·希尔,伊安·霍姆,布鲁斯·霍普金斯,伊恩·休斯,劳伦斯·马克奥雷,诺埃尔·阿普利比,布雷特·麦肯齐,Alexandra Astin,Sarah McLeod,Maisy McLeod-Riera,约翰·诺贝尔,Paul Norell,米兰达·奥图,布鲁斯·菲利普斯,沙恩·朗吉,约翰·瑞斯-戴维斯,托德·里彭,安迪·瑟金斯,Harry Sinclair,乔尔·托贝克,卡尔·厄本,史蒂芬·乌瑞,雨果·维文,大卫·文翰,阿兰·霍华德,萨拉·贝克,Robert Pollock,佩特·史密斯,杰德·布罗菲,菲利普·格里夫,布拉德·道里夫,克里斯托弗·李,布鲁斯·斯宾斯,吉诺·阿赛维多,Jarl Benzon,乔恩·本宗,罗伯特·卡托,Michael Elsworth,彼得·杰克逊,桑德罗·科普,安德鲁·莱斯尼,约瑟夫·米卡-亨特,亨利·莫腾森,克雷格·帕克,克里斯蒂安·瑞沃斯,迈克尔·斯曼内科,霍华德·肖,约翰·斯蒂芬森,理查德·泰勒",9.3,913710,2003,"剧情,动作,奇幻,冒险",201,美国 / 新西兰,2026-06-10 18:38:42
33,我不是药神,文牧野,"徐峥,王传君,周一围,谭卓,章宇,杨新鸣,王砚辉,王佳佳,贾弘逍,龚蓓苾,宁浩,李乃文,岳小军,苇青,富冠铭,巴拉特·巴蒂,喜利图,张海艳,朱耕佑",9.0,2357806,2018,"剧情,喜剧",117,中国大陆,2026-06-10 18:38:44
34,乱世佳人 Gone with the Wind,"维克多·弗莱明,乔治·库克,山姆·伍德","费雯·丽,克拉克·盖博,奥利维娅·德哈维兰,托马斯·米切尔,芭芭拉·欧内尔,伊夫林·凯耶斯,安·卢瑟福德,乔治·里弗斯,弗莱德·克莱恩,海蒂·麦克丹尼尔斯,奥斯卡·波尔克,巴特弗莱·麦昆,维克托·乔里,埃弗雷特·布朗,霍华德·C·希克曼,艾丽西亚·瑞特,莱斯利·霍华德,兰德·布鲁克斯,卡洛尔·奈,劳拉·霍普·克鲁斯,埃迪·安德森,哈里·达文波特,利昂娜·罗伯特,简·达威尔,欧娜·满森,保罗·赫斯特,伊莎贝尔·朱尔,卡米·金·肯伦,艾瑞克·林登,J·M·克里根,沃德·邦德,莉莲·肯布尔-库珀",9.3,798777,1939,"剧情,爱情,历史,战争",233,美国,2026-06-10 18:38:47
35,让子弹飞,姜文,"姜文,葛优,周润发,刘嘉玲,陈坤,张默,姜武,周韵,廖凡,姚橹,邵兵,苗圃,冯小刚,胡军,马珂,白冰,杜奕衡,李静,胡明,危笑,杨奇雨,赵铭",9.0,1926310,2010,"剧情,喜剧,动作,西部",132,中国大陆 / 中国香港,2026-06-10 18:38:50
36,飞屋环游记 Up,"彼特·道格特,鲍勃·彼德森","爱德华·阿斯纳,克里斯托弗·普卢默,乔丹·长井,鲍勃·彼德森,德尔罗伊·林多,杰罗姆·兰福特,约翰·拉森贝格,大卫·卡耶,艾丽·道克特,杰里米·利里,米凯·麦高万,丹尼·曼恩,唐纳德·富利洛夫,杰斯·哈梅尔,乔什·库雷,彼特·道格特",9.1,1505944,2009,"剧情,喜剧,动画,冒险",96,美国,2026-06-10 18:38:53
37,哈尔的移动城堡 ハウルの動く城,宫崎骏,"倍赏千惠子,木村拓哉,美轮明宏,我修院达也,神木隆之介,伊崎充则,大泉洋,大塚明夫,原田大二郎,加藤治子,都筑香弥子",9.1,1297071,2004,"爱情,动画,奇幻,冒险",119,日本,2026-06-10 18:38:56
38,十二怒汉 12 Angry Men,西德尼·吕美特,"亨利·方达,马丁·鲍尔萨姆,约翰·菲德勒,李·科布,E.G.马绍尔,杰克·克卢格曼,爱德华·宾斯,杰克·沃登,约瑟夫·史威尼,埃德·贝格利,乔治·沃斯科维奇,罗伯特·韦伯",9.4,581501,1957,剧情,96,美国,2026-06-10 18:38:58
39,海蒂和爷爷 Heidi,阿兰·葛斯彭纳,"阿努克·斯特芬,布鲁诺·冈茨,昆林·艾格匹,安娜·申茨,伊莎贝尔·奥特曼,莉莲·奈福,彼得·杰克林,克里斯托夫·高格勒,丽贝卡·因德穆,莫妮卡·古布瑟,阿瑟·比勒,玛丽埃塔·耶米,彼得·洛迈尔,卡塔琳娜·舒特勒,耶拉·哈泽,迈克尔·克兰茨,劳拉·帕克,马库斯·赫林,马克西姆·梅米特,汉娜洛蕾·赫格",9.3,787373,2015,"剧情,家庭,冒险",111,德国 / 瑞士,2026-06-10 18:39:01
40,素媛 소원,李濬益,"薛景求,严志媛,李来,金海淑,金相镐,罗美兰,杨真诚,权泰元",9.3,779050,2013,剧情,122,韩国,2026-06-10 18:39:04
41,猫鼠游戏 Catch Me If You Can,史蒂文·斯皮尔伯格,"莱昂纳多·迪卡普里奥,汤姆·汉克斯,克里斯托弗·沃肯,马丁·辛,艾米·亚当斯,詹妮弗·加纳,伊丽莎白·班克斯,纳塔莉·贝伊,詹姆斯·布洛林,艾伦·旁派,南希·利内翰,布莱恩·豪威,弗兰克·约翰·休斯,克里斯·埃里斯",9.1,1216314,2002,"剧情,传记,犯罪",141,美国 / 加拿大,2026-06-10 18:39:06
42,天空之城 天空の城ラピュタ,宫崎骏,"田中真弓,横泽启子,初井言荣,寺田农,常田富士男,永井一郎,糸博,鹫尾真知子,神山卓三,安原义人,槐柳二,鳕子",9.2,1012619,1986,"动画,奇幻,冒险",125,日本,2026-06-10 18:39:09
43,鬼子来了,姜文,"姜文,香川照之,袁丁,姜宏波,丛志军,李丛喜,泽田谦也,李海滨,蔡卫东,陈述,陈莲梅,史建全,陈强,宫路佳具,吴大维,梶冈润一,石山雄大,述平,姜武",9.3,718050,2000,"剧情,喜剧",139,中国大陆,2026-06-10 18:39:11
44,摔跤吧！爸爸 Dangal,涅提·蒂瓦里,"阿米尔·汗,法缇玛·萨那·纱卡,桑亚·玛荷塔,阿帕尔夏克提·库拉那,沙克希·坦沃,塞伊拉·沃西,苏哈妮·巴特纳格尔,里特维克·萨霍里,吉里什·库卡尼",9.0,1751450,2016,"剧情,家庭,传记,运动",161,印度,2026-06-10 18:39:14
45,少年派的奇幻漂流 Life of Pi,李安,"苏拉·沙玛,伊尔凡·可汗,拉菲·斯波,阿迪勒·侯赛因,塔布,阿尤什·坦东,加塔姆·贝鲁尔,阿彦·汗,穆德·阿巴斯·卡勒里,维比什·希瓦库玛,热拉尔·德帕迪约,詹姆斯·斋藤,俊·奈托,安德里亚·迪·斯戴法诺,沙拉万提·塞纳特,王柏杰,柯一正,黄健玮",9.1,1493746,2012,"剧情,奇幻,冒险",127,美国 / 中国台湾 / 英国 / 加拿大,2026-06-10 18:39:17
46,钢琴家 The Pianist,罗曼·波兰斯基,"阿德里安·布罗迪,托马斯·克莱舒曼,艾米莉娅·福克斯,米哈乌·热布罗夫斯基,埃德·斯托帕德,穆琳·利普曼,弗兰克·芬莱,茱莉亚·蕾娜,杰西卡·凯特·梅耶尔,理查德·赖丁斯",9.3,753116,2002,"剧情,音乐,传记,战争",149,英国 / 法国 / 波兰 / 德国 / 美国,2026-06-10 18:39:20
47,死亡诗社 Dead Poets Society,彼得·威尔,"罗宾·威廉姆斯,罗伯特·肖恩·莱纳德,伊桑·霍克,乔西·查尔斯,盖尔·汉森,迪伦·库斯曼,阿勒隆·鲁杰罗,詹姆斯·沃特斯顿,诺曼·劳埃德,柯特伍德·史密斯,卡拉·贝尔韦尔,利昂·波纳尔,乔治·马丁,乔·奥菲耶里,马特·凯里,凯文·库尼,拉腊·弗林·鲍尔,亚历桑德拉·鲍尔斯,梅洛拉·沃尔特斯,帕梅拉·伯勒尔,约翰·库宁汉姆,迪布拉·穆尼,库尔特·莱特纳,凯瑟·斯内德,霍纳斯·斯蒂克洛瑞斯,杰米·肯尼迪",9.2,888296,1989,剧情,128,美国,2026-06-10 18:39:23
48,指环王2：双塔奇兵 The Lord of the Rings: The Two Towers,彼得·杰克逊,"伊利亚·伍德,西恩·奥斯汀,多米尼克·莫纳汉,奥兰多·布鲁姆,维果·莫腾森,伊恩·麦克莱恩,凯特·布兰切特,比利·博伊德,杰德·布罗菲,丽芙·泰勒,安迪·瑟金斯,米兰达·奥图,雨果·维文,布拉德·道里夫,卡卢姆·吉廷斯,伯纳德·希尔,布鲁斯·霍普金斯,克里斯托弗·李,纳撒尼尔·利斯,罗宾·马尔科姆,约翰·贝西,萨拉·贝克,克雷格·帕克,布鲁斯·菲利普斯,Robert Pollock,约翰·瑞斯-戴维斯,奥利维亚·田內,卡尔·厄本,史蒂芬·乌瑞,大卫·文翰,菲利普·格里夫,肖恩·宾,约翰·诺贝尔,Jarl Benzon,乔恩·本宗,Ben Britton,阿利斯泰尔·布朗宁,Sean Button,罗伯特·卡托,罗德尼·库克,卡尔洛斯·德林克沃特,西奥沙福瓦,本·弗兰舍姆,Jonathan Harding,Lucas Hayward,丹·汉纳,保罗·霍姆斯,杰森·霍德,彼得·杰克逊,Sam Kelly,桑德罗·科普",9.2,860655,2002,"剧情,动作,奇幻,冒险",180,美国 / 新西兰,2026-06-10 18:39:26
49,大话西游之月光宝盒 西遊記第壹佰零壹回之月光寶盒,刘镇伟,"周星驰,吴孟达,罗家英,蓝洁瑛,莫文蔚,江约诚,陆树铭,刘镇伟,朱茵,李健仁,李宝龙",9.0,1370193,1995,"喜剧,爱情,奇幻,古装",88,中国香港 / 中国大陆,2026-06-10 18:39:29
50,绿皮书 Green Book,彼得·法雷里,"维果·莫腾森,马赫沙拉·阿里,琳达·卡德里尼,塞巴斯蒂安·马尼斯科,迪米特·D·马里诺夫,迈克·哈顿,P·J·伯恩,乔·柯蒂斯,玛姬·尼克松,冯·刘易斯,乔恩·索特兰,唐·斯达克,安东尼·曼加诺,保罗·斯隆,珍娜·劳伦索,肯尼斯·以色列,伊克博·塞巴,尼克·瓦莱隆加,大卫·安,迈克·切罗内,杰拉尔丁·辛格,马丁·巴特斯·布拉德福德,格拉伦·布莱恩特·班克斯,汤姆·维图,夏恩·帕特洛,丹尼斯·W·霍尔,吉姆·克洛克,戴恩·罗兹,布莱恩·斯泰潘内克,乔恩·迈克尔·戴维斯,布莱恩·库瑞,托尼亚·马尔多纳多",8.9,1900336,2018,"剧情,喜剧,音乐,传记",130,美国 / 中国大陆,2026-06-10 18:39:31
51,何以为家 كفرناحوم,娜丁·拉巴基,"赞恩·阿尔·拉菲亚,约丹诺斯·希费罗,博鲁瓦蒂夫·特雷杰·班科尔,卡萨尔·艾尔·哈达德,法迪·尤瑟夫,海塔·塞德拉·伊扎姆,阿拉·乔什涅,娜丁·拉巴基,埃利亚斯·库利,努尔·艾尔·侯赛尼",9.1,1165793,2018,剧情,126,黎巴嫩 / 美国 / 法国 / 塞浦路斯 / 卡塔尔 / 英国,2026-06-10 18:39:33
52,闻香识女人 Scent of a Woman,马丁·布莱斯特,"阿尔·帕西诺,克里斯·奥唐纳,詹姆斯·瑞布霍恩,加布里埃尔·安瓦尔,菲利普·塞默·霍夫曼,理查德·文彻,布莱德利·惠特福德,罗谢尔·奥利弗,玛格丽特·埃金顿,汤姆·里斯·法雷尔,尼古拉斯·萨德勒,托德·路易斯,马特·史密斯,吉恩·坎菲尔德,弗兰西丝·康罗伊,朱恩·斯奎布,朗·埃达德,萨莉·墨菲,迈克尔·桑托罗,艾莉森·费尔德曼",9.1,1027318,1992,剧情,157,美国,2026-06-10 18:39:36
53,大闹天宫,万籁鸣,"邱岳峰,富润生,毕克,尚华,于鼎,李梓,刘广宁",9.4,512256,1961,"剧情,动画,奇幻,古装",113,中国大陆,2026-06-10 18:39:38
54,黑客帝国 The Matrix,"莉莉·沃卓斯基,拉娜·沃卓斯基","基努·里维斯,劳伦斯·菲什伯恩,凯瑞-安·莫斯,雨果·维文,格洛丽亚·福斯特,乔·潘托里亚诺,马库斯·钟,朱利安·阿拉汗加,马特·多兰,贝琳达·麦克洛里,安东尼·雷·帕克,罗伯特·泰勒,阿达·尼科德莫,罗温·维特,塔玛拉·布朗,纳塔莉·特珍,比尔·扬,克里斯·斯科特,纳许·埃哲顿",9.1,954412,1999,"动作,科幻",136,美国,2026-06-10 18:39:41
55,指环王1：护戒使者 The Lord of the Rings: The Fellowship of the Ring,彼得·杰克逊,"伊利亚·伍德,西恩·奥斯汀,伊恩·麦克莱恩,维果·莫腾森,奥兰多·布鲁姆,多米尼克·莫纳汉,比利·博伊德,克里斯托弗·李,马尔顿·索克斯,梅根·爱德华兹,伊安·霍姆,凯特·布兰切特,阿兰·霍华德,马克·弗格森,肖恩·宾,萨拉·贝克,劳伦斯·马克奥雷,安迪·瑟金斯,彼得·麦肯齐,伊恩·穆内,克雷格·帕克,卡梅隆·罗德,约翰·瑞斯-戴维斯,丽芙·泰勒,大卫·韦瑟莱,雨果·维文,菲利普·格里夫,威廉·约翰逊,伊丽莎白·穆迪,布莱恩·瑟金特,杰德·布罗菲,诺曼·凯茨,兰德尔·威廉·库克,萨比恩·克洛森,西奥沙福瓦,本·弗兰舍姆,彼得·杰克逊,艾伦·李",9.1,963912,2001,"剧情,动作,奇幻,冒险",179,新西兰 / 美国 / 英国,2026-06-10 18:39:43
56,罗马假日 Roman Holiday,威廉·惠勒,"奥黛丽·赫本,格利高里·派克,埃迪·艾伯特,哈特利·鲍尔,哈考特·威廉姆斯,玛格丽特·罗林斯,托里奥·卡米纳提,保罗·卡利尼,克劳迪奥·埃尔梅利,保拉·布鲁布尼,里佐·弗雷多里佐",9.1,1051607,1953,"剧情,喜剧,爱情",118,美国,2026-06-10 18:39:46
57,教父2 The Godfather: Part II,弗朗西斯·福特·科波拉,"阿尔·帕西诺,罗伯特·杜瓦尔,黛安·基顿,罗伯特·德尼罗,约翰·凯泽尔,塔莉娅·夏尔,李·斯特拉斯伯格,迈克尔·V·格佐,G•D•斯普拉德林,理查德·布赖特,加斯通·莫辛,汤姆·罗斯奎,布鲁诺·柯比,弗兰克·西维罗,弗朗西丝卡·德·萨维奥,摩甘娜金,玛丽亚娜·希尔,莱奥波多·特里耶斯泰,多米尼克·查尼斯,Amerigo Tot,特洛伊·多纳休,约翰·阿普雷亚,乔·斯皮内尔,阿贝·维高达,吉亚尼·罗素,Maria Carta,菲伊·斯潘,哈利·迪恩·斯坦顿,卡明·卡里迪,丹尼·爱罗,威廉·鲍尔斯,约瑟夫·德拉·索尔特,卡门·阿尔根齐亚诺,乔·罗·格里普,Ezio Flagello,凯瑟琳·贝勒,Saveria Mazzola,Tito Alba,彼得·多纳特,汤姆·达尔格伦,Phil Feldman,罗杰·科曼,伊凡·科尔,艾丽卡·约恩,Teresa Tirelli,詹姆斯·肯恩,Italia Coppola,罗曼·科波拉,索菲亚·科波拉,朱莉·格雷格,George Holmes,Buck Houghton,Shep Houghton,小杉正一,加里·库尔茨,Laura Lyons,理查德·麦瑟森,约翰·梅根纳,Harrison Ressler,Al Roberts,Hank Robinson,Filomena Spagnuolo",9.3,643186,1974,"剧情,犯罪",202,美国,2026-06-10 18:39:49
58,狮子王 The Lion King,"罗杰·阿勒斯,罗伯·明可夫","乔纳森·泰勒·托马斯,马修·布罗德里克,杰瑞米·艾恩斯,詹姆斯·厄尔·琼斯,莫伊拉·凯利,内森·连恩,尼基塔·卡兰姆,埃林·萨贝拉,乌比·戈德堡,罗温·艾金森",9.1,964705,1994,"动画,歌舞,冒险",89,美国,2026-06-10 18:39:52
59,天堂电影院 Nuovo Cinema Paradiso,朱塞佩·托纳多雷,"菲利普·努瓦雷,萨瓦特利·卡西欧,雅克·贝汉,马克·莱昂纳蒂,莱奥波多·特里耶斯泰,安东内拉·阿蒂利,恩佐·卡拉瓦勒,艾萨·丹尼埃利,里奥·故罗塔,普佩拉·玛奇奥,阿格妮丝·那诺,塔诺·希玛罗萨,尼古拉·迪平托,罗伯塔·蕾娜,尼诺·戴罗佐,玛丽娜·朱迪切,比阿特丽斯·帕姆,布丽吉特·佛西,朱塞佩·托纳多雷",9.2,743758,1988,"剧情,爱情",173,意大利 / 法国,2026-06-10 18:39:54
60,饮食男女 飲食男女,李安,"郎雄,杨贵媚,吴倩莲,王渝文,张艾嘉,归亚蕾,赵文瑄,陈昭荣,陈捷文,卢金城,唐语谦,洪其德,王瑞,杜满生,王玨,陈妤,左正芬,许敬民,聂卓晶,丁仲",9.2,729411,1994,"剧情,家庭",124,中国台湾 / 美国,2026-06-10 18:39:56
61,辩护人 변호인,杨宇硕,"宋康昊,金迎爱,吴达洙,郭度沅,任时完,宋永彰,郑元中,赵敏基,李杭娜,李星民,车光洙,韩基重,沈熙燮,赵莞基,李姃垠",9.2,659992,2013,剧情,127,韩国,2026-06-10 18:39:58
62,本杰明·巴顿奇事 The Curious Case of Benjamin Button,大卫·芬奇,"布拉德·皮特,凯特·布兰切特,朱莉娅·奥蒙德,芳妮·A·钱勃丝,伊莱亚斯·科泰斯,杰森·弗莱明,大卫·詹森,蒂尔达·斯文顿,艾丽·范宁,乔安娜·塞勒,乔什·斯图沃特,丹尼·文森,塔拉吉·P·汉森,马赫沙拉·阿里,菲奥娜·黑尔,唐娜·杜普兰提尔,兰斯·E·尼克尔斯,特德·曼森,克莱·卡伦,菲莉丝·萨莫维尔,杰瑞德·哈里斯,麦迪逊·贝蒂,汤姆·埃沃雷特,克里斯托弗·马克斯韦尔,伊利亚·沃里克",9.0,1109264,2008,"剧情,爱情,奇幻",166,美国,2026-06-10 18:40:01
63,搏击俱乐部 Fight Club,大卫·芬奇,"爱德华·诺顿,布拉德·皮特,海伦娜·伯翰·卡特,扎克·格雷尼尔,米特·洛夫,杰瑞德·莱托,艾恩·贝利,里奇蒙德·阿奎特,乔治·马奎尔",9.0,980596,1999,"剧情,动作,悬疑,惊悚",139,美国,2026-06-10 18:40:04
64,美丽心灵 A Beautiful Mind,朗·霍华德,"罗素·克劳,艾德·哈里斯,詹妮弗·康纳利,克里斯托弗·普卢默,保罗·贝坦尼,亚当·戈德堡,乔什·卢卡斯,安东尼·拉普,贾森·加里-斯坦福德,贾德·赫希,奥斯汀·潘德尔顿,薇薇·卡登尼,吉莉·西蒙,维克多·斯坦巴赫,坦娅·克拉克,罗伊·辛尼斯,谢丽尔·霍华德,兰斯·霍华德,简·詹金斯,乔什·帕斯,瓦伦蒂娜·卡迪纳利,蒂格尔·F·伯格里,迈克尔·埃斯佩尔,艾米·瓦尔兹,小艾德.朱普,卡拉·奥奇格罗索,斯特里奥·萨万特,迈克尔·阿伯特,雷吉·奥斯汀,凯德·比特纳,理查·布莱恩特,丹·陈,乔纳·福尔肯,法布里奇奥·范特,斯科特·费恩斯特罗姆,迈克尔·菲奥里,塞斯·盖贝尔,埃文·哈特,杰森·霍顿,布莱丝·达拉斯·霍华德,朗·霍华德,多里·曼佐尔,罗伯特·迈尔斯,里德·彭尼,米尔斯·彼埃尔,肖恩·里德",9.1,856136,2001,"剧情,传记",135,美国,2026-06-10 18:40:06
65,穿条纹睡衣的男孩 The Boy in the Striped Pajamas,马克·赫尔曼,"阿萨·巴特菲尔德,维拉·法米加,卡拉·霍根,祖萨·霍尔,安贝尔·比蒂,拉斯洛·阿隆,大卫·休里斯,理查德·约翰逊,谢拉·汉考克,伊凡·弗雷贝利,贝拉·费斯彼姆,阿提拉·埃杰德,鲁伯特·弗兰德,大卫·海曼,吉姆·诺顿,杰克·塞隆,米哈利·绍鲍多什,泽索特·萨法尔·科夫卡,奥索利亚·茱莉娅·帕普",9.2,644369,2008,"剧情,战争",94,英国 / 美国,2026-06-10 18:40:08
66,哈利·波特与死亡圣器(下) Harry Potter and the Deathly Hallows: Part 2,大卫·叶茨,"丹尼尔·雷德克里夫,艾玛·沃森,鲁伯特·格林特,海伦娜·伯翰·卡特,拉尔夫·费因斯,艾伦·瑞克曼,玛吉·史密斯,汤姆·费尔顿,邦妮·怀特,朱丽·沃特斯,迈克尔·刚本,伊文娜·林奇,多姆纳尔·格里森,克蕾曼丝·波西,詹森·艾萨克,海伦·麦克洛瑞,马修·刘易斯,梁佩诗,约翰·赫特,大卫·休里斯,加里·奥德曼,吉姆·布劳德本特,艾玛·汤普森,娜塔丽·特纳,蒂莫西·斯波,大卫·布拉德利,罗彼·考特拉尼,凯莉·麦克唐纳,塞伦·希德",9.0,975031,2011,"奇幻,冒险",130,美国 / 英国,2026-06-10 18:40:12
67,"两杆大烟枪 Lock, Stock and Two Smoking Barrels",盖·里奇,"杰森·弗莱明,德克斯特·弗莱彻,尼克·莫兰,杰森·斯坦森,斯蒂文·麦金托什,尼古拉斯·罗尔,维尼·琼斯,蓝尼·麦克林,P.H.莫里亚蒂,弗兰克·哈珀,史蒂夫·斯威尼,休吉·里弗,罗尼·福克斯,斯蒂芬·马库斯,瓦斯·布莱克伍德,斯汀,杰克·亚伯拉罕,罗伯·布莱顿,薇拉·黛,阿兰·福德,席德·戈尔德,丹尼·约翰-儒勒,维克多·麦奎尔,安德鲁·蒂曼,马修·沃恩,布拉德·雅各布维茨",9.1,681121,1998,"剧情,喜剧,犯罪",107,英国,2026-06-10 18:40:14
68,情书 Love Letter,岩井俊二,"中山美穗,丰川悦司,酒井美纪,柏原崇,范文雀,篠原胜之,铃木庆一,田口智朗,加贺麻理子,光石研,铃木兰兰,盐见三省,中村久美,梅田凡乃,长田江身子,小栗香织,神户浩,酒井敏也,山口诗史,山崎一,德井优,武藤寿美",8.9,1331986,1995,"剧情,爱情",117,日本,2026-06-10 18:40:17
69,窃听风暴 Das Leben der Anderen,弗洛里安·亨克尔·冯·多纳斯马尔克,"乌尔里希·穆埃,马蒂娜·格德克,塞巴斯蒂安·科赫,乌尔里希·图库尔,托马斯·蒂梅,汉斯-尤韦·鲍尔,沃克马·克莱纳特,马提亚斯·布伦纳,查理·哈纳,赫伯特·克瑙普,巴斯蒂安·特罗斯特,玛丽·格鲁伯,维尔纳·德恩,马丁·布拉姆马赫,托马斯·阿诺德,辛纳克·勋纳曼,路德韦格·布洛克伯格,迈克尔·格伯,吉塔·施维赫夫,希尔德加德·斯罗德,伊嘉·比肯费尔德,凯·伊沃·保利兹,克劳斯·芒斯特",9.2,634510,2006,"剧情,悬疑",137,德国,2026-06-10 18:40:20
70,功夫,周星驰,"周星驰,元秋,元华,黄圣依,梁小龙,陈国坤,田启文,林子聪,林雪,冯克安,释彦能,冯小刚,袁祥仁,张一白,赵志凌,董志华,何文辉,陈凯师,贾康熙,林子善,任珈锐,王仕颖",8.9,1343279,2004,"喜剧,动作,犯罪,奇幻",100,中国大陆 / 中国香港,2026-06-10 18:40:22
71,音乐之声 The Sound of Music,罗伯特·怀斯,"朱莉·安德鲁斯,克里斯托弗·普卢默,埃琳诺·帕克,理查德·海顿,佩吉·伍德,查尔敏·卡尔,希瑟·孟席斯-尤里克,尼古拉斯·哈蒙德,杜安·蔡斯,安吉拉·卡特怀特,黛比·特纳,基姆·卡拉思,安娜·李,波希娅·纳尔逊,本·怀特,丹尼尔·特鲁希特,诺玛·威登,吉尔克里斯特·斯图尔特,马妮·尼克松,埃瓦德妮·贝克,多丽丝·劳埃德,格特鲁德·阿斯特,弗兰克·贝克,史蒂夫·卡鲁瑟斯,山姆·哈里斯,多罗西·吉金斯,利奥达·理查德斯,杰弗里·塞尔,伯纳德·赛尔,诺尔曼·斯蒂凡斯,伯特史蒂文斯,玛丽亚·冯·特拉普",9.1,687012,1965,"剧情,爱情,歌舞,传记",174,美国,2026-06-10 18:40:26
72,哈利·波特与阿兹卡班的囚徒 Harry Potter and the Prisoner of Azkaban,阿方索·卡隆,"丹尼尔·雷德克里夫,艾玛·沃森,鲁伯特·格林特,加里·奥德曼,朱丽·沃特斯,邦妮·怀特,大卫·休里斯,迈克尔·刚本,艾伦·瑞克曼,玛吉·史密斯,汤姆·费尔顿,艾玛·汤普森,朱莉·克里斯蒂,蒂莫西·斯波",9.0,895766,2004,"奇幻,冒险",141,英国 / 美国,2026-06-10 18:40:28
73,阿凡达 Avatar,詹姆斯·卡梅隆,"萨姆·沃辛顿,佐伊·索尔达娜,西格妮·韦弗,史蒂芬·朗,米歇尔·罗德里格兹,吉奥瓦尼·瑞比西,乔·大卫·摩尔,希·庞德,韦斯·斯塔迪,拉兹·阿隆索,迪利普·劳,马特·杰拉德,肖恩·安东尼·莫兰,杰森·怀特,斯科特·劳伦斯,凯利·基尔戈,詹姆斯·皮特,肖恩·帕特里克·墨菲,彼得·狄龙,凯文·多曼,凯尔森·亨德森,大卫·范·霍恩,雅克布·托毛里,朱琳·雷妮,卢克·霍克,伍迪·舒尔茨,彼得·门萨,伊拉姆·崔,黛布拉·威尔逊,克里斯·马拉,马修·钱伯伦,詹姆斯·盖林,拉斯科·阿特金斯,乔恩·本宗,罗恩·贝特曼,罗伯特·卡托,罗德尼·库克,妮可·狄恩,安东尼·英格鲁伯,蒂姆·卡诺,卡米尔·基南,迪恩·诺斯利,艾玛·洛",8.8,1591681,2009,"动作,科幻,冒险",162,美国,2026-06-10 18:40:32
74,西西里的美丽传说 Malèna,朱塞佩·托纳多雷,"莫妮卡·贝鲁奇,朱塞佩·苏尔法罗,Luciano Federico,玛蒂尔德·皮亚纳,Pietro Notarianni,Gaetano Aronica,Gilberto Idonea,Angelo Pellegrino,Gabriella Di Luzio,Pippo Provvidenti,Maria Terranova,Marcello Catalano,埃丽萨·莫鲁奇,Domenico Gennaro,Vitalba Andrea,Giuseppe Pattavina,Franco Catalano,Daniele Arena,Giovanni Litrico,Gianluca Guarrera",8.9,1097242,2000,"剧情,情色,战争",108,意大利 / 美国,2026-06-10 18:40:34
75,看不见的客人 Contratiempo,奥里奥尔·保罗,"马里奥·卡萨斯,阿娜·瓦格纳,何塞·科罗纳多,巴巴拉·莱涅,弗兰塞斯克·奥雷利亚,帕科·图斯,大卫·塞尔瓦斯,伊尼戈·加斯特西,圣·耶拉莫斯,马内尔·杜维索,布兰卡·马丁内斯,佩雷·布拉索,霍尔迪·布鲁内特,鲍比·冈萨雷斯,玛蒂娜·乌尔塔多",8.8,1446956,2016,"剧情,悬疑,惊悚,犯罪",106,西班牙,2026-06-10 18:40:37
76,拯救大兵瑞恩 Saving Private Ryan,史蒂文·斯皮尔伯格,"汤姆·汉克斯,汤姆·塞兹摩尔,爱德华·伯恩斯,巴里·佩珀,亚当·戈德堡,范·迪塞尔,吉奥瓦尼·瑞比西,杰瑞米·戴维斯,马特·达蒙,特德·丹森,保罗·吉亚玛提,丹尼斯·法里纳,马克斯·马蒂尼,丹兰·布鲁诺,丹尼尔·切尔奎拉,迪米特里·格里特萨斯,史蒂夫·格里芬,彼得·迈尔斯,亚当·肖,罗尔夫·萨克森,克里·约翰逊,洛克兰·艾肯,尚恩·约翰逊,莱尔德·曼辛托斯,安德鲁·斯科特,马修·夏普,文森特·沃尔什,约翰·沙拉恩,马丁·哈伯,罗非洛·迪格托勒,恩里奇·雷德曼,米歇尔·埃文斯,内森·菲利安,利兰·奥瑟,大卫·维格,瑞恩·赫斯特,哈威·普雷斯内尔,代尔·戴,布莱恩·克兰斯顿,大卫·沃尔,埃里克·罗兰,哈里逊·杨,凯思琳·拜荣,约翰·德·兰西,詹姆斯·恩布里,德里克·李,若昂·科斯塔·梅内塞斯,马克·施泰因迈尔",9.1,728177,1998,"剧情,战争",169,美国,2026-06-10 18:40:40
77,沉默的羔羊 The Silence of the Lambs,乔纳森·戴米,"朱迪·福斯特,安东尼·霍普金斯,斯科特·格伦,安东尼·希尔德,布鲁克·史密斯,卡斯·莱蒙斯,弗兰基·费森,泰德·拉文,崔西·沃特,丹·巴特勒,达拉",8.9,1020850,1991,"剧情,惊悚,犯罪",118,美国,2026-06-10 18:40:43
78,小鞋子 بچه های آسمان,马基德·马基迪,"默罕默德·阿米尔·纳吉,阿米尔·法拉赫·哈什米安,巴哈丽·西迪奇,纳菲丝·贾法-穆罕默迪,费雷什特·萨拉班迪,Dariush Mokhtari,克里斯托弗·马利基",9.2,469331,1997,"剧情,家庭,儿童",89,伊朗,2026-06-10 18:40:46
79,蝴蝶效应 The Butterfly Effect,"埃里克·布雷斯,J·麦基·格鲁伯","阿什顿·库彻,梅洛拉·沃尔特斯,艾米·斯马特,埃尔登·亨森,威廉姆·李·斯科特,约翰·帕特里克·阿梅多利,艾琳·戈洛瓦娅,凯文·G·施密特,杰西·詹姆斯,罗根·勒曼,莎拉·威多斯,杰克·凯斯,卡梅隆·布莱特,埃里克·斯托尔兹,考乐姆·吉斯·雷尼,凯文·杜兰",8.9,1073247,2004,"剧情,科幻,悬疑,惊悚",113,美国 / 加拿大,2026-06-10 18:40:48
80,布达佩斯大饭店 The Grand Budapest Hotel,韦斯·安德森,"拉尔夫·费因斯,托尼·雷沃罗利,阿德里安·布罗迪,威廉·达福,裘德·洛,爱德华·诺顿,西尔莎·罗南,蒂尔达·斯文顿,比尔·默瑞,蕾雅·赛杜,欧文·威尔逊,詹森·舒瓦兹曼,马修·阿马立克,F·默里·亚伯拉罕,汤姆·威尔金森,杰夫·高布伦,哈威·凯特尔",8.9,1090444,2014,"剧情,喜剧,冒险",99,美国 / 德国 / 英国,2026-06-10 18:40:51
81,还有明天 C'è ancora domani,宝拉·柯特莱西,"宝拉·柯特莱西,瓦莱里奥·马斯坦德雷亚,罗马纳·马乔拉·韦尔加诺,埃马努艾拉·法内利,乔治·科兰杰利,维尼乔·马尔基奥尼,弗朗切斯科·琴托拉梅,雷法莱·维诺利,保拉·蒂齐亚娜·克鲁恰尼,尤夫·约瑟夫,阿莱西娅·巴雷拉,费德里科·托奇,普里西拉·米科尔·马里诺,玛丽亚·基娅拉·奥尔蒂,西尔维亚·萨尔瓦托雷,马提亚·巴尔多,詹马尔科·菲利皮尼,芭芭拉·基耶萨,加布里埃拉·保罗卡,阿尔曼多·德·拉扎",9.3,378299,2023,"剧情,喜剧,历史",118,意大利,2026-06-10 18:40:54
82,飞越疯人院 One Flew Over the Cuckoo's Nest,米洛斯·福尔曼,"杰克·尼科尔森,路易丝·弗莱彻,威廉·雷德菲尔德,克里斯托弗·洛伊德,威尔·萨姆森,特德·马克兰德,布拉德·道里夫,斯加特曼·克罗索斯,迈克尔·贝里曼,彼得·布罗科,穆瓦科·卡姆布卡,威廉·达尔,乔西普·艾利克,西德尼·拉斯克,凯·李,德怀特·马费尔德,路易莎·莫里茨,丹尼·德维托,菲利普·罗斯,米米·萨奇席恩,文森特·斯卡维利,米斯·斯马尔,德罗斯·V·史密斯",9.1,606655,1975,剧情,133,美国,2026-06-10 18:40:56
83,禁闭岛 Shutter Island,马丁·斯科塞斯,"莱昂纳多·迪卡普里奥,马克·鲁法洛,本·金斯利,马克斯·冯·叙多夫,米歇尔·威廉姆斯,艾米莉·莫迪默,派翠西娅·克拉克森,杰基·厄尔·哈利,泰德·拉文,约翰·卡洛·林奇,伊莱亚斯·科泰斯,罗宾·巴特利特,克里斯托弗·邓汉,约瑟夫·斯科拉",8.9,1119511,2010,"剧情,悬疑,惊悚",138,美国,2026-06-10 18:40:58
84,心灵捕手 Good Will Hunting,格斯·范·桑特,"马特·达蒙,罗宾·威廉姆斯,本·阿弗莱克,斯特兰·斯卡斯加德,明妮·德里弗,卡西·阿弗莱克,科尔·豪瑟,约翰·迈顿,丹·华盛顿,艾莉森·福兰德,维克·萨海,史蒂文·科兹洛夫斯基,斯科特·威廉姆·文特斯,吉米·弗林,乔治·普林普顿,弗朗切斯科·克莱门特",9.0,818935,1997,剧情,126,美国,2026-06-10 18:41:01
85,致命魔术 The Prestige,克里斯托弗·诺兰,"休·杰克曼,克里斯蒂安·贝尔,迈克尔·凯恩,丽贝卡·豪尔,斯嘉丽·约翰逊,大卫·鲍伊,安迪·瑟金斯,派珀·佩拉博,萨曼塔·马霍林,丹尼尔·戴维斯,吉姆·皮多克,克里斯托弗·尼姆,马克·瑞安,罗杰·里斯,杰米·哈里斯,罗恩·帕金斯,瑞奇·杰,安东尼·德·马克,冀朝理",8.9,968357,2006,"剧情,悬疑,惊悚",130,英国 / 美国,2026-06-10 18:41:04
86,低俗小说 Pulp Fiction,昆汀·塔伦蒂诺,"约翰·特拉沃尔塔,乌玛·瑟曼,阿曼达·普拉莫,蒂姆·罗斯,塞缪尔·杰克逊,菲尔·拉马,布鲁斯·威利斯,弗兰克·威利,布尔·斯蒂尔斯,文·瑞姆斯,劳拉·拉芙蕾丝,保罗·卡尔德龙,布罗娜·加拉赫,罗姗娜·阿奎特,埃里克·斯托尔兹,玛丽亚·德·梅黛洛",8.9,964617,1994,"剧情,喜剧,犯罪",154,美国,2026-06-10 18:41:07
87,哈利·波特与密室 Harry Potter and the Chamber of Secrets,克里斯·哥伦布,"丹尼尔·雷德克里夫,艾玛·沃森,鲁伯特·格林特,汤姆·费尔顿,理查德·格雷弗斯,费奥纳·肖,托比·琼斯,朱丽·沃特斯,邦妮·怀特,詹森·艾萨克,肯尼思·布拉纳,艾伦·瑞克曼,理查德·哈里斯,玛吉·史密斯,约翰·克里斯,肖恩·比格斯代夫,克里斯·兰金,克里斯蒂安·库尔森",8.9,922369,2002,"奇幻,冒险",161,英国 / 美国,2026-06-10 18:41:09
88,超脱 Detachment,托尼·凯耶,"阿德里安·布罗迪,马西娅·盖伊·哈登,詹姆斯·肯恩,克里斯蒂娜·亨德里克斯,刘玉玲,布莱思·丹纳,蒂姆·布雷克·尼尔森,威廉·彼德森,布莱恩·克兰斯顿,萨米·盖尔,路易斯·佐里奇,小伊塞亚·维特洛克,大卫·豪森,约翰·塞纳迭姆博,西莉亚·奥,罗南·鲁宾斯坦,阿尔·卡尔德隆,布雷南·布朗,里根·利奥纳德,詹姆斯·霍西,乔什·帕斯,瑞内·菲利斯·史密斯,道格·伊·道格,帕特里夏·雷,萨曼萨·罗根,拉尔夫·罗德里格斯",9.0,727531,2011,剧情,98,美国,2026-06-10 18:41:12
89,一一,杨德昌,"吴念真,李凯莉,金燕玲,张洋洋,萧淑慎,尾形一成,陈希圣,林孟瑾,陈以文,柯宇纶,张育邦,柯素云,唐如韫,徐淑媛,曾心怡,陶传正",9.1,517009,2000,"剧情,爱情,家庭",173,中国台湾 / 日本,2026-06-10 18:41:14
90,喜剧之王 喜劇之王,"周星驰,李力持","周星驰,张柏芝,莫文蔚,吴孟达,林子善,田启文,李兆基,成龙,李思捷,郑文辉",8.8,1101504,1999,"剧情,喜剧,爱情",89,中国香港,2026-06-10 18:41:17
91,杀人回忆 살인의 추억,奉俊昊,"宋康昊,金相庆,金雷夏,宋在浩,边希峰,高瑞熙,柳泰浩,朴努植,朴海日,全美善,徐永嬅,崔钟律,柳承穆,申贤宗,李在应,郑仁仙,吴龙,朴真宇,朴泰京,沈成宝",8.9,842755,2003,"剧情,动作,悬疑,惊悚,犯罪",132,韩国,2026-06-10 18:41:20
92,致命ID Identity,詹姆斯·曼高德,"约翰·库萨克,雷·利奥塔,阿曼达·皮特,约翰·浩克斯,阿尔弗雷德·莫里纳,克里·杜瓦尔,约翰·C·麦金雷,威廉姆·李·斯科特,杰克·布塞,普路特·泰勒·文斯,瑞贝卡·德·莫妮,卡门·阿尔根齐亚诺,马绍尔·贝尔,莱拉·肯泽尔,马特·莱斯切尔,布莱特·罗尔,霍尔姆斯·奥斯本,弗雷德里克·科芬,乔·哈特,迈克尔·赫希,泰伦斯·伯尼·海恩斯",8.9,955581,2003,"剧情,悬疑,惊悚",90,美国,2026-06-10 18:41:22
93,摩登时代 Modern Times,查理·卓别林,"查理·卓别林,宝莲·高黛,亨利·伯格曼,蒂尼·桑福德,切斯特·康克林,汉克·曼,斯坦利·布莱斯通,阿尔·欧内斯特·加西亚,理查德·亚历山大,塞西尔·雷诺兹,米拉·麦金尼,默多克·麦夸里,威尔弗雷德·卢卡斯,爱德华·勒桑,弗雷德·马拉泰斯塔,萨米·斯坦,特德·奥利弗,诺曼·安斯利,博比·巴伯,海尼·康克林,格洛丽亚·德黑文,帕特·弗莱厄蒂,弗兰克·哈格尼,帕特·哈蒙,劳埃德·英格拉哈姆,沃尔特·詹姆斯,爱德华·金博尔,杰克·洛,巴迪·梅辛杰,布鲁斯·米切尔,弗兰克·莫兰,詹姆斯·C·莫顿,路易·纳托,J·C·纽金特,拉斯·鲍威尔,约翰·兰德,哈里·威尔逊",9.3,349151,1936,"剧情,喜剧,爱情",87,美国,2026-06-10 18:41:24
94,春光乍泄 春光乍洩,王家卫,"张国荣,梁朝伟,张震,格利高里·戴顿",9.0,712761,1997,"剧情,爱情,同性",96,中国香港 / 日本 / 韩国,2026-06-10 18:41:27
95,加勒比海盗 Pirates of the Caribbean: The Curse of the Black Pearl,戈尔·维宾斯基,"约翰尼·德普,杰弗里·拉什,奥兰多·布鲁姆,凯拉·奈特莉,杰克·达文波特,乔纳森·普雷斯",8.8,974121,2003,"动作,奇幻,冒险",143,美国,2026-06-10 18:41:30
96,海豚湾 The Cove,路易·西霍尤斯,"路易·西霍尤斯,瑞克·欧贝瑞,哈迪·琼斯,保罗·沃森,森下丈二,罗杰·S·佩恩,迈克尔·伊利夫,伊恩·坎贝尔,道格·德马斯特,戴夫·拉斯托维奇,查尔斯·汉柏顿,桜井速人,曼迪-蕾·克鲁克香克,柯克·克雷克,约翰·波特,汉娜·墨尔买德,杰夫·潘图克霍夫,伊莎贝尔·卢卡斯,海顿·潘妮蒂尔",9.3,383568,2009,纪录片,92,美国,2026-06-10 18:41:32
97,美国往事 Once Upon a Time in America,赛尔乔·莱昂内,"罗伯特·德尼罗,詹姆斯·伍兹,伊丽莎白·麦戈文,乔·佩西,伯特·杨,塔斯黛·韦尔德,特里特·威廉斯,丹尼·爱罗,理查德·布赖特,詹姆斯·海登,威廉·弗西斯,达兰妮·弗鲁格,拉里·拉普,理查德·弗让吉,罗伯特·哈珀,詹妮弗·康纳利",9.1,474735,1984,"剧情,犯罪",229,美国 / 意大利,2026-06-10 18:41:35
98,红辣椒 パプリカ,今敏,"林原惠美,江守彻,堀胜之祐,古谷彻,大塚明夫,山寺宏一,田中秀幸,兴梠里美,岩田光央,爱河里花子,川濑晶子,太田真一郎,福松进纱,胜杏里,宫下荣治,三户耕三,今敏,筒井康隆",9.0,574729,2006,"科幻,动画,悬疑,惊悚",90,日本,2026-06-10 18:41:38
99,七宗罪 Se7en,大卫·芬奇,"摩根·弗里曼,布拉德·皮特,凯文·史派西,格温妮斯·帕特洛,安德鲁·凯文·沃克,约翰·卡西尼,雷格·E·凯蒂,李·厄米",8.8,1068193,1995,"剧情,悬疑,惊悚,犯罪",127,美国,2026-06-10 18:41:41
100,唐伯虎点秋香 唐伯虎點秋香,李力持,"周星驰,巩俐,陈百祥,郑佩佩,朱咪咪,梁家仁,苑琼丹,梁荣忠,黄一山,黄霑,吴镇宇,刘家辉,蓝洁瑛,谷德昭,陈辉虹,李健仁,宣萱,温翠苹",8.8,1231367,1993,"喜剧,爱情,古装",102,中国香港,2026-06-10 18:41:43
